"Source:","C:\Users\tomfr\Documents\GitHub\FE2301-OPA990-Breakout\KiCad\OPA990 Breakout.kicad_sch"
"Date:","09/01/2024 18:47:58"
"Tool:","Eeschema 7.0.9"
"Generator:","C:\Program Files\KiCad\7.0\bin\scripting\plugins/bom_csv_grouped_by_value.py"
"Component Count:","13"

"Collated Components:"

"Item","Qty","Reference(s)","Value","LibPart","Footprint","Datasheet","DNP","Manufacturer Part Number","Mouser Part Number"
"1","2","C1, C3","100nF","Device:C_Small","Capacitor_SMD:C_0603_1608Metric","~","","885012206095","710-885012206095"
"2","1","C2","10nF","Device:C_Small","Capacitor_SMD:C_0603_1608Metric","~","","CL10B103KB8NNNL","187-CL10B103KB8NNNL"
"3","1","C4","10pF","Device:C_Small","Capacitor_SMD:C_0603_1608Metric","~","","VJ0603A100GXACW1BC","77-VJ0603A100GXACBC"
"4","1","D1","BAT54S",":BAT54S_1","Package_TO_SOT_SMD:SOT-23-3","~","","BAT54S-7-F","621-BAT54S-F"
"5","2","J1, J2","Conn_01x03","Connector_Generic:Conn_01x03","Connector_PinHeader_2.54mm:PinHeader_1x03_P2.54mm_Vertical","~","","22-28-4030","538-22-28-4030"
"6","4","R1, R2, R4, R5","10k","Device:R_Small","Resistor_SMD:R_0603_1608Metric","~","","RN73R1JTTD1002B25","660-RN73R1JTD1002B25"
"7","1","R3","100R","Device:R_Small","Resistor_SMD:R_0603_1608Metric","~","","RN73R1JTTD1000B25","660-RN73R1JTD1000B25"
"8","1","U1","OPA99X","friedElectronicsSymbols:OPA99X","Package_TO_SOT_SMD:SOT-23-5","","","OPA992IDBVR","595-OPA992IDBVR"
